{"cameraMode":{"drawMode":0,"name":"Shaded","section":"Shading Mode"},"sceneLighting":true,"audioPlay":false,"sceneViewState":{"m_AlwaysRefresh":false,"showFog":true,"showSkybox":true,"showFlares":true,"showImageEffects":true,"showParticleSystems":true,"showVisualEffectGraphs":true,"m_FxEnabled":true},"in2DMode":false,"pivot":{"x":-0.864492654800415,"y":1.0937080383300782,"z":1.9553190469741822},"rotation":{"x":0.32157376408576968,"y":0.21176840364933015,"z":-0.07320906966924668,"w":0.9202895760536194},"size":1.8396284580230713,"orthographic":true}